,Unnamed: 0,Random_Id,data,date_iso8601,event_color,event_date,event_name,formatted_date,instance_question_id,instructor_question_number,qid,question_id,student_question_number,submission_id,variant_id,variant_number
0,0,27,,2020-10-17T08:25:01-07,gray3,2020-10-17T15:25:01.006Z,Begin,2020-10-17 08:25:01 (PDT),,,,,,,,
1,1,27,,2020-10-17T08:25:01-07,green1,2020-10-17T15:25:01.095Z,View assessment overview,2020-10-17 08:25:01 (PDT),,,,,,,,
2,2,27,"{'params': {}, 'options': {}, 'true_answer': {}, 'variant_seed': 'k4sbd2'}",2020-10-17T08:25:07-07,gray1,2020-10-17T15:25:07.181Z,New variant,2020-10-17 08:25:07 (PDT),104791.0,1.0,PLEDGE,1046.0,1.0,,70507.0,1.0
3,3,27,,2020-10-17T08:25:07-07,green3,2020-10-17T15:25:07.224Z,View variant,2020-10-17 08:25:07 (PDT),104791.0,1.0,PLEDGE,1046.0,1.0,,70507.0,1.0
4,4,27,"{'correct': None, 'submitted_answer': {'pledge': 'Edoardo Muzzi'}}",2020-10-17T08:25:38-07,blue3,2020-10-17T15:25:38.772Z,Submission,2020-10-17 08:25:38 (PDT),104791.0,1.0,PLEDGE,1046.0,1.0,109989.0,70507.0,1.0
5,5,27,,2020-10-17T08:25:38-07,green3,2020-10-17T15:25:38.899Z,View variant,2020-10-17 08:25:38 (PDT),104791.0,1.0,PLEDGE,1046.0,1.0,,70507.0,1.0
6,6,27,"{'params': {}, 'options': {}, 'true_answer': {}, 'variant_seed': 'yjyuok'}",2020-10-17T08:25:41-07,gray1,2020-10-17T15:25:41.885Z,New variant,2020-10-17 08:25:41 (PDT),104792.0,2.0,SURVEY,1372.0,2.0,,70508.0,1.0
7,7,27,,2020-10-17T08:25:41-07,green3,2020-10-17T15:25:41.925Z,View variant,2020-10-17 08:25:41 (PDT),104792.0,2.0,SURVEY,1372.0,2.0,,70508.0,1.0
8,8,27,"{'correct': True, 'submitted_answer': {'survey': 'Turing'}}",2020-10-17T08:32:13-07,blue3,2020-10-17T15:32:13.411Z,Submission,2020-10-17 08:32:13 (PDT),104792.0,2.0,SURVEY,1372.0,2.0,109997.0,70508.0,1.0
9,9,27,,2020-10-17T08:32:13-07,green3,2020-10-17T15:32:13.540Z,View variant,2020-10-17 08:32:13 (PDT),104792.0,2.0,SURVEY,1372.0,2.0,,70508.0,1.0
10,10,27,"{'params': {'t': [{'key': 'a', 'html': 'You can avoid having an information footprint simply by not going online and avoiding using digital devices'}, {'key': 'b', 'html': 'The online world and the real world are different, so as long as your username doesn’t tell anything about you, you don’t put anything about yourself in your online “profile” (e.g., photo, address, etc), and what you post isn’t connected to you, you can safely remain anonymous online'}, {'key': 'c', 'html': 'With the right software and configuration, you can be anonymous when you’re online.'}, {'key': 'd', 'html': 'Sharing information over a network means you give up control over that information — forever'}, {'key': 'e', 'html': 'None of the above'}]}, 'options': {}, 'true_answer': {'t': {'key': 'd', 'html': 'Sharing information over a network means you give up control over that information — forever'}}, 'variant_seed': 'jqek12'}",2020-10-17T08:32:20-07,gray1,2020-10-17T15:32:20.855Z,New variant,2020-10-17 08:32:20 (PDT),104793.0,3.0,lecture/privacy,1029.0,3.0,,70516.0,1.0
11,11,27,,2020-10-17T08:32:20-07,green3,2020-10-17T15:32:20.893Z,View variant,2020-10-17 08:32:20 (PDT),104793.0,3.0,lecture/privacy,1029.0,3.0,,70516.0,1.0
12,12,27,"{'correct': True, 'submitted_answer': {'t': 'd'}}",2020-10-17T08:34:05-07,blue3,2020-10-17T15:34:05.205Z,Submission,2020-10-17 08:34:05 (PDT),104793.0,3.0,lecture/privacy,1029.0,3.0,110006.0,70516.0,1.0
13,13,27,,2020-10-17T08:34:05-07,green3,2020-10-17T15:34:05.333Z,View variant,2020-10-17 08:34:05 (PDT),104793.0,3.0,lecture/privacy,1029.0,3.0,,70516.0,1.0
14,14,27,"{'params': {'0': [{'key': 'a', 'html': 'Functional programming is the most powerful'}, {'key': 'b', 'html': 'Declarative programming is the most powerful'}, {'key': 'c', 'html': 'Python is considered Turing Complete because it’s easy to use.'}, {'key': 'd', 'html': 'OOP programming is the most powerful'}, {'key': 'e', 'html': 'None of the above'}]}, 'options': {}, 'true_answer': {'0': {'key': 'e', 'html': 'None of the above'}}, 'variant_seed': '12m632g'}",2020-10-17T08:34:07-07,gray1,2020-10-17T15:34:07.967Z,New variant,2020-10-17 08:34:07 (PDT),104794.0,4.0,lecture/algorithms,1373.0,4.0,,70523.0,1.0
15,15,27,,2020-10-17T08:34:08-07,green3,2020-10-17T15:34:08.014Z,View variant,2020-10-17 08:34:08 (PDT),104794.0,4.0,lecture/algorithms,1373.0,4.0,,70523.0,1.0
16,16,27,"{'correct': True, 'submitted_answer': {'0': 'e'}}",2020-10-17T08:34:48-07,blue3,2020-10-17T15:34:48.995Z,Submission,2020-10-17 08:34:48 (PDT),104794.0,4.0,lecture/algorithms,1373.0,4.0,110008.0,70523.0,1.0
17,17,27,,2020-10-17T08:34:49-07,green3,2020-10-17T15:34:49.130Z,View variant,2020-10-17 08:34:49 (PDT),104794.0,4.0,lecture/algorithms,1373.0,4.0,,70523.0,1.0
18,18,27,"{'params': {'0': [{'key': 'a', 'html': 'You are not allowed to pass mutable data into reporter blocks'}, {'key': 'b', 'html': 'Monolithic code is easy to read'}, {'key': 'c', 'html': 'You are not allowed to pass immutable data into command blocks'}, {'key': 'd', 'html': 'A command block can change NONE of the mutable data it is given'}, {'key': 'e', 'html': 'None of the above'}]}, 'options': {}, 'true_answer': {'0': {'key': 'd', 'html': 'A command block can change NONE of the mutable data it is given'}}, 'variant_seed': '1n5awx8'}",2020-10-17T08:34:52-07,gray1,2020-10-17T15:34:52.720Z,New variant,2020-10-17 08:34:52 (PDT),104795.0,5.0,lecture/testing+2048,1375.0,5.0,,70524.0,1.0
19,19,27,,2020-10-17T08:34:52-07,green3,2020-10-17T15:34:52.774Z,View variant,2020-10-17 08:34:52 (PDT),104795.0,5.0,lecture/testing+2048,1375.0,5.0,,70524.0,1.0
20,20,27,"{'correct': True, 'submitted_answer': {'0': 'd'}}",2020-10-17T08:35:45-07,blue3,2020-10-17T15:35:45.491Z,Submission,2020-10-17 08:35:45 (PDT),104795.0,5.0,lecture/testing+2048,1375.0,5.0,110009.0,70524.0,1.0
21,21,27,,2020-10-17T08:35:45-07,green3,2020-10-17T15:35:45.627Z,View variant,2020-10-17 08:35:45 (PDT),104795.0,5.0,lecture/testing+2048,1375.0,5.0,,70524.0,1.0
22,22,27,"{'params': {'0': [{'key': 'a', 'html': 'According to Prof Brian Harvey, Web Search is the most important use of computers in education so far.'}, {'key': 'b', 'html': 'According to Prof Brian Harvey, iclicker-like technologies is the most important use of computers in education so far.'}, {'key': 'c', 'html': 'Augmented Reality (E.g., seeing computer-generated in your field of view, like Google Glass) is the most significant assistive technology available today.'}, {'key': 'd', 'html': 'According to Prof Brian Harvey, Arithmetic Drill Programs is the most important use of computers in education so far.'}, {'key': 'e', 'html': 'None of the above'}]}, 'options': {}, 'true_answer': {'0': {'key': 'b', 'html': 'According to Prof Brian Harvey, iclicker-like technologies is the most important use of computers in education so far.'}}, 'variant_seed': '4uv5b3'}",2020-10-17T08:35:47-07,gray1,2020-10-17T15:35:47.379Z,New variant,2020-10-17 08:35:47 (PDT),104796.0,6.0,lecture/global-impact,1374.0,6.0,,70525.0,1.0
23,23,27,,2020-10-17T08:35:47-07,green3,2020-10-17T15:35:47.425Z,View variant,2020-10-17 08:35:47 (PDT),104796.0,6.0,lecture/global-impact,1374.0,6.0,,70525.0,1.0
24,24,27,"{'params': {'b': [{'key': 'a', 'html': '\n        64$_{ 10 }$\n    '}, {'key': 'b', 'html': '\n        60$_{ 10 }$\n    '}, {'key': 'c', 'html': '\n        56$_{ 10 }$\n    '}, {'key': 'd', 'html': ' \n        54$_{ 10 }$\n    '}, {'key': 'e', 'html': '\n        66$_{ 10 }$\n    '}, {'key': 'f', 'html': '\n        62$_{ 10 }$\n    '}, {'key': 'g', 'html': '\n        52$_{ 10 }$\n    '}, {'key': 'h', 'html': '\n        58$_{ 10 }$\n    '}], 'i0': 66, 'i1': 64, 'i2': 62, 'i3': 60, 'i4': 58, 'i5': 56, 'i6': 52, 'Base1': '16', 'Base2': '2', 'Base3': '10', 'Number1': 9, 'Number2': 6, 'solution': '54', 'Converted_Number1': '9', 'Converted_Number2': '110'}, 'options': {}, 'true_answer': {'b': {'key': 'd', 'html': ' \n        54$_{ 10 }$\n    '}}, 'variant_seed': 'bl178a'}",2020-10-17T08:36:32-07,gray1,2020-10-17T15:36:32.875Z,New variant,2020-10-17 08:36:32 (PDT),104797.0,7.0,number-multiplication,167.0,7.0,,70527.0,1.0
25,25,27,,2020-10-17T08:36:32-07,green3,2020-10-17T15:36:32.924Z,View variant,2020-10-17 08:36:32 (PDT),104797.0,7.0,number-multiplication,167.0,7.0,,70527.0,1.0
26,26,27,"{'correct': True, 'submitted_answer': {'b': 'd'}}",2020-10-17T08:38:32-07,blue3,2020-10-17T15:38:32.052Z,Submission,2020-10-17 08:38:32 (PDT),104797.0,7.0,number-multiplication,167.0,7.0,110017.0,70527.0,1.0
27,27,27,,2020-10-17T08:38:32-07,green3,2020-10-17T15:38:32.193Z,View variant,2020-10-17 08:38:32 (PDT),104797.0,7.0,number-multiplication,167.0,7.0,,70527.0,1.0
28,28,27,"{'params': {'a': [{'key': 'a', 'html': '\n            Object-Oriented\n        '}, {'key': 'b', 'html': '\n            Declarative\n        '}, {'key': 'c', 'html': '\n            Imperative\n        '}, {'key': 'd', 'html': ' \n            Functional\n        '}], 'b': [{'key': 'a', 'html': ' \n            Functional\n        '}, {'key': 'b', 'html': '\n            Declarative\n        '}, {'key': 'c', 'html': '\n            Imperative\n        '}, {'key': 'd', 'html': '\n            Object-Oriented\n        '}], 'c': [{'key': 'a', 'html': ' \n            Functional\n        '}, {'key': 'b', 'html': '\n            Declarative\n        '}, {'key': 'c', 'html': '\n            Object-Oriented\n        '}, {'key': 'd', 'html': '\n            Imperative\n        '}], 'd': [{'key': 'a', 'html': ' \n            Functional\n        '}, {'key': 'b', 'html': '\n            Imperative\n        '}, {'key': 'c', 'html': '\n            Object-Oriented\n        '}, {'key': 'd', 'html': '\n            Declarative\n        '}], 'Answer1': 'Functional', 'Answer2': 'Object-Oriented', 'Answer3': 'Imperative', 'Answer4': 'Declarative', 'Question1': '<pl-figure file-name=""func-1.png"" inline=""true"" width=""250""></pl-figure>', 'Question2': '<pl-figure file-name=""oop-1.png"" inline=""true"" width=""250""></pl-figure>', 'Question3': '<pl-figure file-name=""imperative-2.png"" inline=""true"" width=""250""></pl-figure>', 'Question4': '<pl-figure file-name=""declarative-2.png"" inline=""true"" width=""250""></pl-figure>'}, 'options': {}, 'true_answer': {'a': {'key': 'd', 'html': ' \n            Functional\n        '}, 'b': {'key': 'd', 'html': '\n            Object-Oriented\n        '}, 'c': {'key': 'd', 'html': '\n            Imperative\n        '}, 'd': {'key': 'd', 'html': '\n            Declarative\n        '}}, 'variant_seed': '2edefe'}",2020-10-17T08:38:33-07,gray1,2020-10-17T15:38:33.387Z,New variant,2020-10-17 08:38:33 (PDT),104798.0,8.0,programming-paradigm,168.0,8.0,,70530.0,1.0
29,29,27,,2020-10-17T08:38:33-07,green3,2020-10-17T15:38:33.483Z,View variant,2020-10-17 08:38:33 (PDT),104798.0,8.0,programming-paradigm,168.0,8.0,,70530.0,1.0
30,30,27,"{'correct': True, 'submitted_answer': {'a': 'd', 'b': 'd', 'c': 'd', 'd': 'd'}}",2020-10-17T08:40:38-07,blue3,2020-10-17T15:40:38.650Z,Submission,2020-10-17 08:40:38 (PDT),104798.0,8.0,programming-paradigm,168.0,8.0,110021.0,70530.0,1.0
31,31,27,,2020-10-17T08:40:38-07,green3,2020-10-17T15:40:38.859Z,View variant,2020-10-17 08:40:38 (PDT),104798.0,8.0,programming-paradigm,168.0,8.0,,70530.0,1.0
32,32,27,"{'params': {'a0': '$A \\times B^B$', 'a1': '$B^A$', 'a2': '$A \\times B$', 'a3': '$B^2$', 'a4': '$A \\times B^2$', 'a5': '$A^B$', 'acc': [{'key': 'a', 'html': 'Error'}, {'key': 'b', 'html': '$A \\times B^2$'}, {'key': 'c', 'html': '$A \\times B$'}, {'key': 'd', 'html': 'Infinite Loop'}, {'key': 'e', 'html': '$A \\times B^B$'}, {'key': 'f', 'html': '$B^2$'}, {'key': 'g', 'html': '$B^A$'}, {'key': 'h', 'html': 'The sum of all the numbers from A to B'}, {'key': 'i', 'html': '$A^B$'}], 'code': 'times1.png'}, 'options': {}, 'true_answer': {'acc': {'key': 'e', 'html': '$A \\times B^B$'}}, 'variant_seed': '17lxwrn'}",2020-10-17T08:40:41-07,gray1,2020-10-17T15:40:41.927Z,New variant,2020-10-17 08:40:41 (PDT),104799.0,9.0,snap/iteration/mystery-equation-v2,214.0,9.0,,70532.0,1.0
33,33,27,,2020-10-17T08:40:41-07,green3,2020-10-17T15:40:41.980Z,View variant,2020-10-17 08:40:41 (PDT),104799.0,9.0,snap/iteration/mystery-equation-v2,214.0,9.0,,70532.0,1.0
34,34,27,,2020-10-17T08:42:07-07,green1,2020-10-17T15:42:07.679Z,View assessment overview,2020-10-17 08:42:07 (PDT),,,,,,,,
35,35,27,,2020-10-17T08:42:11-07,green3,2020-10-17T15:42:11.945Z,View variant,2020-10-17 08:42:11 (PDT),104799.0,9.0,snap/iteration/mystery-equation-v2,214.0,9.0,,70532.0,1.0
36,36,27,"{'correct': True, 'submitted_answer': {'acc': 'e'}}",2020-10-17T08:45:28-07,blue3,2020-10-17T15:45:28.983Z,Submission,2020-10-17 08:45:28 (PDT),104799.0,9.0,snap/iteration/mystery-equation-v2,214.0,9.0,110026.0,70532.0,1.0
37,37,27,,2020-10-17T08:45:29-07,green3,2020-10-17T15:45:29.129Z,View variant,2020-10-17 08:45:29 (PDT),104799.0,9.0,snap/iteration/mystery-equation-v2,214.0,9.0,,70532.0,1.0
38,38,27,"{'params': {'0': [{'key': 'a', 'html': '<pl-figure file-name=""keep-item-1&gt;4.png"" inline=""true"" width=""450""></pl-figure>'}, {'key': 'b', 'html': '<pl-figure file-name=""keep-&gt;4-from-length.png"" inline=""true"" width=""450""></pl-figure>'}, {'key': 'c', 'html': '<pl-figure file-name=""correct.png"" inline=""true"" width=""450""></pl-figure>'}, {'key': 'd', 'html': '<pl-figure file-name=""length-list-L&gt;4.png"" inline=""true"" width=""300""></pl-figure>'}, {'key': 'e', 'html': '<pl-figure file-name=""map-length-text-L&gt;4.png"" inline=""true"" width=""450""></pl-figure>'}], '1': [{'key': 'a', 'html': '<pl-figure file-name=""map-L-words.png"" inline=""true"" width=""450""></pl-figure>'}, {'key': 'b', 'html': '<pl-figure file-name=""combine-L-words.png"" inline=""true"" width=""450""></pl-figure>'}, {'key': 'c', 'html': '<pl-figure file-name=""map-words-L.png"" inline=""true"" width=""450""></pl-figure>'}, {'key': 'd', 'html': '<pl-figure file-name=""map-words-list-L.png"" inline=""true"" width=""450""></pl-figure>'}, {'key': 'e', 'html': '<pl-figure file-name=""map-list-words-L.png"" inline=""true"" width=""450""></pl-figure>'}]}, 'options': {}, 'true_answer': {'0': {'key': 'c', 'html': '<pl-figure file-name=""correct.png"" inline=""true"" width=""450""></pl-figure>'}, '1': {'key': 'c', 'html': '<pl-figure file-name=""map-words-L.png"" inline=""true"" width=""450""></pl-figure>'}}, 'variant_seed': '5mpkoz'}",2020-10-17T08:45:42-07,gray1,2020-10-17T15:45:42.207Z,New variant,2020-10-17 08:45:42 (PDT),104800.0,10.0,snap/HOFs/map-keep,1378.0,10.0,,70536.0,1.0
39,39,27,,2020-10-17T08:45:42-07,green3,2020-10-17T15:45:42.321Z,View variant,2020-10-17 08:45:42 (PDT),104800.0,10.0,snap/HOFs/map-keep,1378.0,10.0,,70536.0,1.0
40,40,27,"{'params': {'4': [{'key': 'a', 'html': '<pl-figure file-name=""word.png"" inline=""true"" width=""50""></pl-figure> cannot be an empty word (length 0), <pl-figure file-name=""n.png"" inline=""true"" width=""30""></pl-figure> = 0'}, {'key': 'b', 'html': '<pl-figure file-name=""word.png"" inline=""true"" width=""50""></pl-figure> cannot be an empty word (length 0), <pl-figure file-name=""n.png"" inline=""true"" width=""30""></pl-figure> &lt; 0'}, {'key': 'c', 'html': '<pl-figure file-name=""word.png"" inline=""true"" width=""50""></pl-figure> cannot be an empty word (length 0), <pl-figure file-name=""n.png"" inline=""true"" width=""30""></pl-figure> &gt; 0'}, {'key': 'd', 'html': '<pl-figure file-name=""word.png"" inline=""true"" width=""50""></pl-figure> cannot be an empty word (length 0), <pl-figure file-name=""n.png"" inline=""true"" width=""30""></pl-figure> &#8804; 0'}, {'key': 'e', 'html': '<pl-figure file-name=""word.png"" inline=""true"" width=""50""></pl-figure> cannot be an empty word (length 0), <pl-figure file-name=""n.png"" inline=""true"" width=""30""></pl-figure> &#8805; 0'}, {'key': 'f', 'html': '<pl-figure file-name=""word.png"" inline=""true"" width=""50""></pl-figure> can be anything, <pl-figure file-name=""n.png"" inline=""true"" width=""30""></pl-figure> = 0'}, {'key': 'g', 'html': '<pl-figure file-name=""word.png"" inline=""true"" width=""50""></pl-figure> can be anything, <pl-figure file-name=""n.png"" inline=""true"" width=""30""></pl-figure> &lt; 0'}, {'key': 'h', 'html': '<pl-figure file-name=""word.png"" inline=""true"" width=""50""></pl-figure> can be anything, <pl-figure file-name=""n.png"" inline=""true"" width=""30""></pl-figure> &gt; 0'}, {'key': 'i', 'html': '<pl-figure file-name=""word.png"" inline=""true"" width=""50""></pl-figure> can be anything, <pl-figure file-name=""n.png"" inline=""true"" width=""30""></pl-figure> &#8804; 0'}, {'key': 'j', 'html': '<pl-figure file-name=""word.png"" inline=""true"" width=""50""></pl-figure> can be anything, <pl-figure file-name=""n.png"" inline=""true"" width=""30""></pl-figure> &#8805; 0'}]}, 'options': {}, 'true_answer': {'1': '1CAL1', '2': '21CAL12', '4': {'key': 'j', 'html': '<pl-figure file-name=""word.png"" inline=""true"" width=""50""></pl-figure> can be anything, <pl-figure file-name=""n.png"" inline=""true"" width=""30""></pl-figure> &#8805; 0'}, '3A': '80079', '3B': '99800'}, 'variant_seed': '176u76h'}",2020-10-17T08:47:03-07,gray1,2020-10-17T15:47:03.914Z,New variant,2020-10-17 08:47:03 (PDT),104801.0,12.0,snap/recursion/magical-mystery/v2,1382.0,11.0,,70540.0,1.0
41,41,27,,2020-10-17T08:47:04-07,green3,2020-10-17T15:47:04.088Z,View variant,2020-10-17 08:47:04 (PDT),104801.0,12.0,snap/recursion/magical-mystery/v2,1382.0,11.0,,70540.0,1.0
42,42,27,"{'correct': False, 'submitted_answer': {'1': '1CAL1', '2': '21CAL12', '4': 'j', '3A': '80079', '3B': '00899'}}",2020-10-17T08:53:02-07,blue3,2020-10-17T15:53:02.266Z,Submission,2020-10-17 08:53:02 (PDT),104801.0,12.0,snap/recursion/magical-mystery/v2,1382.0,11.0,110039.0,70540.0,1.0
43,43,27,,2020-10-17T08:53:02-07,green3,2020-10-17T15:53:02.542Z,View variant,2020-10-17 08:53:02 (PDT),104801.0,12.0,snap/recursion/magical-mystery/v2,1382.0,11.0,,70540.0,1.0
44,44,27,"{'params': {'1': [{'key': 'a', 'html': 'The elements of <pl-figure file-name=""data.png"" inline=""true"" width=""50""></pl-figure> whose value matches the index'}, {'key': 'b', 'html': 'The elements of <pl-figure file-name=""data.png"" inline=""true"" width=""50""></pl-figure> whose value matches the <i>reverse index</i> (i.e., the last element had an index of 1, the next-to-last element had an index of 2, etc.)'}, {'key': 'c', 'html': 'The numbers from 1 to the length of <pl-figure file-name=""data.png"" inline=""true"" width=""50""></pl-figure> in <i>ascending</i> order'}, {'key': 'd', 'html': 'The elements of <pl-figure file-name=""data.png"" inline=""true"" width=""50""></pl-figure> reversed'}, {'key': 'e', 'html': 'Sorted elements of <pl-figure file-name=""data.png"" inline=""true"" width=""50""></pl-figure> in <i>ascending</i> order'}], '2': [{'key': 'a', 'html': 'The element at the <i>largest</i> index that is also in <pl-figure file-name=""data.png"" inline=""true"" width=""50""></pl-figure>.'}, {'key': 'b', 'html': 'The the <i>largest</i> index, i.e., the length of <pl-figure file-name=""data.png"" inline=""true"" width=""50""></pl-figure>.'}, {'key': 'c', 'html': 'The <i>largest</i> index that is in <pl-figure file-name=""data.png"" inline=""true"" width=""50""></pl-figure>.'}, {'key': 'd', 'html': 'The element at the <i>smallest</i> index that is also in <pl-figure file-name=""data.png"" inline=""true"" width=""50""></pl-figure>.'}, {'key': 'e', 'html': 'The <i>smallest</i> index that is in <pl-figure file-name=""data.png"" inline=""true"" width=""50""></pl-figure>.'}], '3': [{'key': 'a', 'html': 'The elements of <pl-figure file-name=""A.png"" inline=""true"" width=""30""></pl-figure> that are not in <pl-figure file-name=""B.png"" inline=""true"" width=""30""></pl-figure>'}, {'key': 'b', 'html': 'The elements of <pl-figure file-name=""B.png"" inline=""true"" width=""30""></pl-figure>'}, {'key': 'c', 'html': 'The elements of <pl-figure file-name=""B.png"" inline=""true"" width=""30""></pl-figure> that are not in <pl-figure file-name=""A.png"" inline=""true"" width=""30""></pl-figure>'}, {'key': 'd', 'html': 'The elements that are in both <pl-figure file-name=""A.png"" inline=""true"" width=""30""></pl-figure> and <pl-figure file-name=""B.png"" inline=""true"" width=""30""></pl-figure>'}, {'key': 'e', 'html': 'The elements that are in either <pl-figure file-name=""A.png"" inline=""true"" width=""30""></pl-figure> or <pl-figure file-name=""B.png"" inline=""true"" width=""30""></pl-figure>'}], '4': [{'key': 'a', 'html': 'are not all false'}, {'key': 'b', 'html': 'have any true values'}, {'key': 'c', 'html': 'are all true'}, {'key': 'd', 'html': 'are all false'}, {'key': 'e', 'html': 'have no true values'}], '5': [{'key': 'a', 'html': 'The words with lengths <i>at most as</i> large as their indices. &#8804;'}, {'key': 'b', 'html': 'The words with lengths <i>exactly as large as</i> their indices. ='}, {'key': 'c', 'html': 'The words with lengths <i>smaller than</i> their indices. &lt;'}, {'key': 'd', 'html': 'The words with lengths <i>at least as large</i> as their indices. &#8805;'}, {'key': 'e', 'html': 'The words with lengths <i>larger than</i> their indices. &gt;'}]}, 'options': {}, 'true_answer': {'1': {'key': 'd', 'html': 'The elements of <pl-figure file-name=""data.png"" inline=""true"" width=""50""></pl-figure> reversed'}, '2': {'key': 'd', 'html': 'The element at the <i>smallest</i> index that is also in <pl-figure file-name=""data.png"" inline=""true"" width=""50""></pl-figure>.'}, '3': {'key': 'd', 'html': 'The elements that are in both <pl-figure file-name=""A.png"" inline=""true"" width=""30""></pl-figure> and <pl-figure file-name=""B.png"" inline=""true"" width=""30""></pl-figure>'}, '4': [{'key': 'd', 'html': 'are all false'}, {'key': 'e', 'html': 'have no true values'}], '5': {'key': 'd', 'html': 'The words with lengths <i>at least as large</i> as their indices. &#8805;'}}, 'variant_seed': 'rmkszk'}",2020-10-17T08:53:06-07,gray1,2020-10-17T15:53:06.154Z,New variant,2020-10-17 08:53:06 (PDT),104802.0,13.0,snap/HOFs/map-keep-combine,1379.0,12.0,,70541.0,1.0
45,45,27,,2020-10-17T08:53:06-07,green3,2020-10-17T15:53:06.349Z,View variant,2020-10-17 08:53:06 (PDT),104802.0,13.0,snap/HOFs/map-keep-combine,1379.0,12.0,,70541.0,1.0
46,46,27,,2020-10-17T08:56:07-07,green1,2020-10-17T15:56:07.626Z,View assessment overview,2020-10-17 08:56:07 (PDT),,,,,,,,
47,47,27,,2020-10-17T08:56:38-07,green3,2020-10-17T15:56:38.773Z,View variant,2020-10-17 08:56:38 (PDT),104796.0,6.0,lecture/global-impact,1374.0,6.0,,70525.0,1.0
48,48,27,"{'correct': False, 'submitted_answer': {'0': 'e'}}",2020-10-17T09:00:28-07,blue3,2020-10-17T16:00:28.639Z,Submission,2020-10-17 09:00:28 (PDT),104796.0,6.0,lecture/global-impact,1374.0,6.0,110067.0,70525.0,1.0
49,49,27,,2020-10-17T09:00:28-07,green3,2020-10-17T16:00:28.771Z,View variant,2020-10-17 09:00:28 (PDT),104796.0,6.0,lecture/global-impact,1374.0,6.0,,70525.0,1.0
50,50,27,,2020-10-17T09:00:31-07,green1,2020-10-17T16:00:31.974Z,View assessment overview,2020-10-17 09:00:31 (PDT),,,,,,,,
51,51,27,"{'params': {'1': [{'key': 'a', 'html': 'Exponential'}, {'key': 'b', 'html': 'Quadratic'}, {'key': 'c', 'html': 'Linear'}, {'key': 'd', 'html': 'Logarithmic'}, {'key': 'e', 'html': 'Constant'}], '2': [{'key': 'a', 'html': 'Exponential'}, {'key': 'b', 'html': 'Quadratic'}, {'key': 'c', 'html': 'Linear'}, {'key': 'd', 'html': 'Logarithmic'}, {'key': 'e', 'html': 'Constant'}], '3': [{'key': 'a', 'html': 'Exponential'}, {'key': 'b', 'html': 'Quadratic'}, {'key': 'c', 'html': 'Linear'}, {'key': 'd', 'html': 'Logarithmic'}, {'key': 'e', 'html': 'Constant'}], '4': [{'key': 'a', 'html': 'Exponential'}, {'key': 'b', 'html': 'Quadratic'}, {'key': 'c', 'html': 'Linear'}, {'key': 'd', 'html': 'Logarithmic'}, {'key': 'e', 'html': 'Constant'}], '5': [{'key': 'a', 'html': 'Exponential'}, {'key': 'b', 'html': 'Quadratic'}, {'key': 'c', 'html': 'Linear'}, {'key': 'd', 'html': 'Logarithmic'}, {'key': 'e', 'html': 'Constant'}]}, 'options': {}, 'true_answer': {'1': {'key': 'b', 'html': 'Quadratic'}, '2': {'key': 'b', 'html': 'Quadratic'}, '3': {'key': 'e', 'html': 'Constant'}, '4': {'key': 'c', 'html': 'Linear'}, '5': {'key': 'd', 'html': 'Logarithmic'}}, 'variant_seed': '2j35lu'}",2020-10-17T09:00:35-07,gray1,2020-10-17T16:00:35.135Z,New variant,2020-10-17 09:00:35 (PDT),104803.0,14.0,snap/complexity,1377.0,13.0,,70545.0,1.0
52,52,27,,2020-10-17T09:00:35-07,green3,2020-10-17T16:00:35.230Z,View variant,2020-10-17 09:00:35 (PDT),104803.0,14.0,snap/complexity,1377.0,13.0,,70545.0,1.0
53,53,27,,2020-10-17T09:00:52-07,green1,2020-10-17T16:00:52.162Z,View assessment overview,2020-10-17 09:00:52 (PDT),,,,,,,,
54,54,27,"{'params': {'c1': [{'key': 'a', 'html': 'True'}, {'key': 'b', 'html': 'False'}], 'c2': [{'key': 'a', 'html': 'True'}, {'key': 'b', 'html': 'False'}], 'c3': [{'key': 'a', 'html': 'True'}, {'key': 'b', 'html': 'False'}], 'turn': 'right', 'direction': 'right'}, 'options': {}, 'true_answer': {'b6': 'checked', 'c1': {'key': 'a', 'html': 'True'}, 'c2': {'key': 'a', 'html': 'True'}, 'c3': {'key': 'b', 'html': 'False'}, 'a11': 'checked', 'a17': 'checked', 'b12': 'checked', 'b16': 'checked'}, 'variant_seed': 'hvn5gl'}",2020-10-17T09:00:54-07,gray1,2020-10-17T16:00:54.673Z,New variant,2020-10-17 09:00:54 (PDT),104790.0,15.0,snap/logical-procedures/roboto,1380.0,14.0,,70546.0,1.0
55,55,27,,2020-10-17T09:00:54-07,green3,2020-10-17T16:00:54.829Z,View variant,2020-10-17 09:00:54 (PDT),104790.0,15.0,snap/logical-procedures/roboto,1380.0,14.0,,70546.0,1.0
56,56,27,,2020-10-17T09:03:00-07,green1,2020-10-17T16:03:00.431Z,View assessment overview,2020-10-17 09:03:00 (PDT),,,,,,,,
57,57,27,,2020-10-17T09:03:16-07,green3,2020-10-17T16:03:16.284Z,View variant,2020-10-17 09:03:16 (PDT),104800.0,10.0,snap/HOFs/map-keep,1378.0,10.0,,70536.0,1.0
58,58,27,"{'correct': True, 'submitted_answer': {'0': 'c', '1': 'c'}}",2020-10-17T09:11:26-07,blue3,2020-10-17T16:11:26.992Z,Submission,2020-10-17 09:11:26 (PDT),104800.0,10.0,snap/HOFs/map-keep,1378.0,10.0,110093.0,70536.0,1.0
59,59,27,,2020-10-17T09:11:27-07,green3,2020-10-17T16:11:27.194Z,View variant,2020-10-17 09:11:27 (PDT),104800.0,10.0,snap/HOFs/map-keep,1378.0,10.0,,70536.0,1.0
60,60,27,,2020-10-17T09:11:29-07,green3,2020-10-17T16:11:29.875Z,View variant,2020-10-17 09:11:29 (PDT),104801.0,12.0,snap/recursion/magical-mystery/v2,1382.0,11.0,,70540.0,1.0
61,61,27,,2020-10-17T09:11:32-07,green1,2020-10-17T16:11:32.218Z,View assessment overview,2020-10-17 09:11:32 (PDT),,,,,,,,
62,62,27,,2020-10-17T09:11:36-07,green3,2020-10-17T16:11:36.207Z,View variant,2020-10-17 09:11:36 (PDT),104802.0,13.0,snap/HOFs/map-keep-combine,1379.0,12.0,,70541.0,1.0
63,63,27,"{'correct': True, 'submitted_answer': {'1': 'd', '2': 'd', '3': 'd', '4': ['d', 'e'], '5': 'd'}}",2020-10-17T09:21:31-07,blue3,2020-10-17T16:21:31.309Z,Submission,2020-10-17 09:21:31 (PDT),104802.0,13.0,snap/HOFs/map-keep-combine,1379.0,12.0,110159.0,70541.0,1.0
64,64,27,,2020-10-17T09:21:31-07,green3,2020-10-17T16:21:31.622Z,View variant,2020-10-17 09:21:31 (PDT),104802.0,13.0,snap/HOFs/map-keep-combine,1379.0,12.0,,70541.0,1.0
65,65,27,,2020-10-17T09:21:36-07,green3,2020-10-17T16:21:36.339Z,View variant,2020-10-17 09:21:36 (PDT),104803.0,14.0,snap/complexity,1377.0,13.0,,70545.0,1.0
66,66,27,"{'correct': None, 'submitted_answer': {'3': 'e', '5': 'b'}}",2020-10-17T09:23:23-07,blue3,2020-10-17T16:23:23.977Z,Submission,2020-10-17 09:23:23 (PDT),104803.0,14.0,snap/complexity,1377.0,13.0,110169.0,70545.0,1.0
67,67,27,,2020-10-17T09:23:24-07,green3,2020-10-17T16:23:24.189Z,View variant,2020-10-17 09:23:24 (PDT),104803.0,14.0,snap/complexity,1377.0,13.0,,70545.0,1.0
68,68,27,,2020-10-17T09:23:26-07,green1,2020-10-17T16:23:26.712Z,View assessment overview,2020-10-17 09:23:26 (PDT),,,,,,,,
69,69,27,,2020-10-17T09:23:29-07,green3,2020-10-17T16:23:29.395Z,View variant,2020-10-17 09:23:29 (PDT),104790.0,15.0,snap/logical-procedures/roboto,1380.0,14.0,,70546.0,1.0
70,70,27,"{'correct': False, 'submitted_answer': {'b6': 'b6', 'c1': 'a', 'c2': 'a', 'c3': 'a', 'a11': 'a11', 'a17': 'a17', 'b12': 'b12', 'b16': 'b16', 'checkedb6': 'checked', 'checkeda11': 'checked', 'checkeda17': 'checked', 'checkedb12': 'checked', 'checkedb16': 'checked'}}",2020-10-17T09:33:04-07,blue3,2020-10-17T16:33:04.448Z,Submission,2020-10-17 09:33:04 (PDT),104790.0,15.0,snap/logical-procedures/roboto,1380.0,14.0,110199.0,70546.0,1.0
71,71,27,,2020-10-17T09:33:04-07,green3,2020-10-17T16:33:04.786Z,View variant,2020-10-17 09:33:04 (PDT),104790.0,15.0,snap/logical-procedures/roboto,1380.0,14.0,,70546.0,1.0
72,72,27,,2020-10-17T09:33:07-07,green1,2020-10-17T16:33:07.151Z,View assessment overview,2020-10-17 09:33:07 (PDT),,,,,,,,
73,73,27,,2020-10-17T09:33:11-07,green3,2020-10-17T16:33:11.008Z,View variant,2020-10-17 09:33:11 (PDT),104803.0,14.0,snap/complexity,1377.0,13.0,,70545.0,1.0
74,74,27,"{'correct': False, 'submitted_answer': {'1': 'b', '2': 'a', '3': 'e', '4': 'c', '5': 'b'}}",2020-10-17T09:43:53-07,blue3,2020-10-17T16:43:53.663Z,Submission,2020-10-17 09:43:53 (PDT),104803.0,14.0,snap/complexity,1377.0,13.0,110244.0,70545.0,1.0
75,75,27,,2020-10-17T09:43:53-07,green3,2020-10-17T16:43:53.930Z,View variant,2020-10-17 09:43:53 (PDT),104803.0,14.0,snap/complexity,1377.0,13.0,,70545.0,1.0
76,76,27,,2020-10-17T09:44:04-07,green1,2020-10-17T16:44:04.728Z,View assessment overview,2020-10-17 09:44:04 (PDT),,,,,,,,
77,77,27,,2020-10-17T09:44:06-07,green3,2020-10-17T16:44:06.906Z,View variant,2020-10-17 09:44:06 (PDT),104791.0,1.0,PLEDGE,1046.0,1.0,,70507.0,1.0
78,78,27,"{'correct': True, 'submitted_answer': {'pledge': 'Edoardo Muzzi'}}",2020-10-17T09:44:14-07,blue3,2020-10-17T16:44:14.657Z,Submission,2020-10-17 09:44:14 (PDT),104791.0,1.0,PLEDGE,1046.0,1.0,110245.0,70507.0,1.0
79,79,27,,2020-10-17T09:44:14-07,green3,2020-10-17T16:44:14.806Z,View variant,2020-10-17 09:44:14 (PDT),104791.0,1.0,PLEDGE,1046.0,1.0,,70507.0,1.0
80,80,27,,2020-10-17T09:44:18-07,green3,2020-10-17T16:44:18.141Z,View variant,2020-10-17 09:44:18 (PDT),104792.0,2.0,SURVEY,1372.0,2.0,,70508.0,1.0
81,81,27,,2020-10-17T09:44:21-07,green3,2020-10-17T16:44:21.168Z,View variant,2020-10-17 09:44:21 (PDT),104793.0,3.0,lecture/privacy,1029.0,3.0,,70516.0,1.0
82,82,27,,2020-10-17T09:45:17-07,green3,2020-10-17T16:45:17.224Z,View variant,2020-10-17 09:45:17 (PDT),104794.0,4.0,lecture/algorithms,1373.0,4.0,,70523.0,1.0
83,83,27,,2020-10-17T09:45:23-07,green3,2020-10-17T16:45:23.285Z,View variant,2020-10-17 09:45:23 (PDT),104795.0,5.0,lecture/testing+2048,1375.0,5.0,,70524.0,1.0
84,84,27,,2020-10-17T09:46:02-07,green3,2020-10-17T16:46:02.112Z,View variant,2020-10-17 09:46:02 (PDT),104796.0,6.0,lecture/global-impact,1374.0,6.0,,70525.0,1.0
85,85,27,,2020-10-17T09:46:07-07,green3,2020-10-17T16:46:07.937Z,View variant,2020-10-17 09:46:07 (PDT),104797.0,7.0,number-multiplication,167.0,7.0,,70527.0,1.0
86,86,27,,2020-10-17T09:46:10-07,green3,2020-10-17T16:46:10.592Z,View variant,2020-10-17 09:46:10 (PDT),104798.0,8.0,programming-paradigm,168.0,8.0,,70530.0,1.0
87,87,27,,2020-10-17T09:46:28-07,green3,2020-10-17T16:46:28.285Z,View variant,2020-10-17 09:46:28 (PDT),104799.0,9.0,snap/iteration/mystery-equation-v2,214.0,9.0,,70532.0,1.0
88,88,27,,2020-10-17T09:46:31-07,green3,2020-10-17T16:46:31.047Z,View variant,2020-10-17 09:46:31 (PDT),104800.0,10.0,snap/HOFs/map-keep,1378.0,10.0,,70536.0,1.0
89,89,27,,2020-10-17T09:46:36-07,green3,2020-10-17T16:46:36.494Z,View variant,2020-10-17 09:46:36 (PDT),104801.0,12.0,snap/recursion/magical-mystery/v2,1382.0,11.0,,70540.0,1.0
90,90,27,,2020-10-17T09:46:52-07,green3,2020-10-17T16:46:52.247Z,View variant,2020-10-17 09:46:52 (PDT),104802.0,13.0,snap/HOFs/map-keep-combine,1379.0,12.0,,70541.0,1.0
91,91,27,,2020-10-17T09:46:59-07,green3,2020-10-17T16:46:59.546Z,View variant,2020-10-17 09:46:59 (PDT),104803.0,14.0,snap/complexity,1377.0,13.0,,70545.0,1.0
92,92,27,,2020-10-17T09:47:03-07,green3,2020-10-17T16:47:03.132Z,View variant,2020-10-17 09:47:03 (PDT),104790.0,15.0,snap/logical-procedures/roboto,1380.0,14.0,,70546.0,1.0
93,93,27,,2020-10-17T09:47:08-07,green1,2020-10-17T16:47:08.662Z,View assessment overview,2020-10-17 09:47:08 (PDT),,,,,,,,
94,94,27,"{'points': 7, 'correct': False, 'max_points': 8, 'score_perc': 87.5}",2020-10-17T09:47:13-07,brown1,2020-10-17T16:47:13.679Z,Score question,2020-10-17 09:47:13 (PDT),104790.0,15.0,snap/logical-procedures/roboto,1380.0,14.0,,70546.0,1.0
95,95,27,"{'points': 0, 'correct': True, 'max_points': 0, 'score_perc': 0}",2020-10-17T09:47:13-07,brown1,2020-10-17T16:47:13.679Z,Score question,2020-10-17 09:47:13 (PDT),104791.0,1.0,PLEDGE,1046.0,1.0,,70507.0,1.0
96,96,27,"{'points': 0, 'correct': True, 'max_points': 0, 'score_perc': 0}",2020-10-17T09:47:13-07,brown1,2020-10-17T16:47:13.679Z,Score question,2020-10-17 09:47:13 (PDT),104792.0,2.0,SURVEY,1372.0,2.0,,70508.0,1.0
97,97,27,"{'points': 2, 'correct': True, 'max_points': 2, 'score_perc': 100}",2020-10-17T09:47:13-07,brown1,2020-10-17T16:47:13.679Z,Score question,2020-10-17 09:47:13 (PDT),104793.0,3.0,lecture/privacy,1029.0,3.0,,70516.0,1.0
98,98,27,"{'points': 2, 'correct': True, 'max_points': 2, 'score_perc': 100}",2020-10-17T09:47:13-07,brown1,2020-10-17T16:47:13.679Z,Score question,2020-10-17 09:47:13 (PDT),104794.0,4.0,lecture/algorithms,1373.0,4.0,,70523.0,1.0
99,99,27,"{'points': 2, 'correct': True, 'max_points': 2, 'score_perc': 100}",2020-10-17T09:47:13-07,brown1,2020-10-17T16:47:13.679Z,Score question,2020-10-17 09:47:13 (PDT),104795.0,5.0,lecture/testing+2048,1375.0,5.0,,70524.0,1.0
100,100,27,"{'points': 0, 'correct': False, 'max_points': 2, 'score_perc': 0}",2020-10-17T09:47:13-07,brown1,2020-10-17T16:47:13.679Z,Score question,2020-10-17 09:47:13 (PDT),104796.0,6.0,lecture/global-impact,1374.0,6.0,,70525.0,1.0
101,101,27,"{'points': 2, 'correct': True, 'max_points': 2, 'score_perc': 100}",2020-10-17T09:47:13-07,brown1,2020-10-17T16:47:13.679Z,Score question,2020-10-17 09:47:13 (PDT),104797.0,7.0,number-multiplication,167.0,7.0,,70527.0,1.0
102,102,27,"{'points': 4, 'correct': True, 'max_points': 4, 'score_perc': 100}",2020-10-17T09:47:13-07,brown1,2020-10-17T16:47:13.679Z,Score question,2020-10-17 09:47:13 (PDT),104798.0,8.0,programming-paradigm,168.0,8.0,,70530.0,1.0
103,103,27,"{'points': 5, 'correct': True, 'max_points': 5, 'score_perc': 100}",2020-10-17T09:47:13-07,brown1,2020-10-17T16:47:13.679Z,Score question,2020-10-17 09:47:13 (PDT),104799.0,9.0,snap/iteration/mystery-equation-v2,214.0,9.0,,70532.0,1.0
104,104,27,"{'points': 10, 'correct': True, 'max_points': 10, 'score_perc': 100}",2020-10-17T09:47:13-07,brown1,2020-10-17T16:47:13.679Z,Score question,2020-10-17 09:47:13 (PDT),104800.0,10.0,snap/HOFs/map-keep,1378.0,10.0,,70536.0,1.0
105,105,27,"{'points': 7, 'correct': False, 'max_points': 8, 'score_perc': 87.5}",2020-10-17T09:47:13-07,brown1,2020-10-17T16:47:13.679Z,Score question,2020-10-17 09:47:13 (PDT),104801.0,12.0,snap/recursion/magical-mystery/v2,1382.0,11.0,,70540.0,1.0
106,106,27,"{'points': 10, 'correct': True, 'max_points': 10, 'score_perc': 100}",2020-10-17T09:47:13-07,brown1,2020-10-17T16:47:13.679Z,Score question,2020-10-17 09:47:13 (PDT),104802.0,13.0,snap/HOFs/map-keep-combine,1379.0,12.0,,70541.0,1.0
107,107,27,"{'points': 6, 'correct': False, 'max_points': 10, 'score_perc': 60}",2020-10-17T09:47:13-07,brown1,2020-10-17T16:47:13.679Z,Score question,2020-10-17 09:47:13 (PDT),104803.0,14.0,snap/complexity,1377.0,13.0,,70545.0,1.0
108,108,27,"{'points': 7, 'max_points': 65, 'score_perc': 10.7692307692308}",2020-10-17T09:47:13-07,brown3,2020-10-17T16:47:13.679Z,Score assessment,2020-10-17 09:47:13 (PDT),,,,,,,,
109,109,27,"{'points': 7, 'max_points': 65, 'score_perc': 10.7692307692308}",2020-10-17T09:47:13-07,brown3,2020-10-17T16:47:13.679Z,Score assessment,2020-10-17 09:47:13 (PDT),,,,,,,,
110,110,27,"{'points': 7, 'max_points': 65, 'score_perc': 10.7692307692308}",2020-10-17T09:47:13-07,brown3,2020-10-17T16:47:13.679Z,Score assessment,2020-10-17 09:47:13 (PDT),,,,,,,,
111,111,27,"{'points': 9, 'max_points': 65, 'score_perc': 13.8461538461538}",2020-10-17T09:47:13-07,brown3,2020-10-17T16:47:13.679Z,Score assessment,2020-10-17 09:47:13 (PDT),,,,,,,,
112,112,27,"{'points': 11, 'max_points': 65, 'score_perc': 16.9230769230769}",2020-10-17T09:47:13-07,brown3,2020-10-17T16:47:13.679Z,Score assessment,2020-10-17 09:47:13 (PDT),,,,,,,,
113,113,27,"{'points': 13, 'max_points': 65, 'score_perc': 20}",2020-10-17T09:47:13-07,brown3,2020-10-17T16:47:13.679Z,Score assessment,2020-10-17 09:47:13 (PDT),,,,,,,,
114,114,27,"{'points': 13, 'max_points': 65, 'score_perc': 20}",2020-10-17T09:47:13-07,brown3,2020-10-17T16:47:13.679Z,Score assessment,2020-10-17 09:47:13 (PDT),,,,,,,,
115,115,27,"{'points': 15, 'max_points': 65, 'score_perc': 23.0769230769231}",2020-10-17T09:47:13-07,brown3,2020-10-17T16:47:13.679Z,Score assessment,2020-10-17 09:47:13 (PDT),,,,,,,,
116,116,27,"{'points': 19, 'max_points': 65, 'score_perc': 29.2307692307692}",2020-10-17T09:47:13-07,brown3,2020-10-17T16:47:13.679Z,Score assessment,2020-10-17 09:47:13 (PDT),,,,,,,,
117,117,27,"{'points': 24, 'max_points': 65, 'score_perc': 36.9230769230769}",2020-10-17T09:47:13-07,brown3,2020-10-17T16:47:13.679Z,Score assessment,2020-10-17 09:47:13 (PDT),,,,,,,,
118,118,27,"{'points': 34, 'max_points': 65, 'score_perc': 52.3076923076923}",2020-10-17T09:47:13-07,brown3,2020-10-17T16:47:13.679Z,Score assessment,2020-10-17 09:47:13 (PDT),,,,,,,,
119,119,27,"{'points': 41, 'max_points': 65, 'score_perc': 63.0769230769231}",2020-10-17T09:47:13-07,brown3,2020-10-17T16:47:13.679Z,Score assessment,2020-10-17 09:47:13 (PDT),,,,,,,,
120,120,27,"{'points': 51, 'max_points': 65, 'score_perc': 78.4615384615385}",2020-10-17T09:47:13-07,brown3,2020-10-17T16:47:13.679Z,Score assessment,2020-10-17 09:47:13 (PDT),,,,,,,,
121,121,27,"{'points': 57, 'max_points': 65, 'score_perc': 87.6923076923077}",2020-10-17T09:47:13-07,brown3,2020-10-17T16:47:13.679Z,Score assessment,2020-10-17 09:47:13 (PDT),,,,,,,,
122,122,27,,2020-10-17T09:47:13-07,gray3,2020-10-17T16:47:13.679Z,Close,2020-10-17 09:47:13 (PDT),,,,,,,,
123,123,27,,2020-10-17T09:47:14-07,green1,2020-10-17T16:47:14.409Z,View assessment overview,2020-10-17 09:47:14 (PDT),,,,,,,,
124,124,27,,2020-10-18T13:16:22-07,green1,2020-10-18T20:16:22.432Z,View assessment overview,2020-10-18 13:16:22 (PDT),,,,,,,,
125,125,27,"{'points': 2, 'correct': None, 'max_points': 2, 'score_perc': 100}",2020-10-20T00:09:15-07,brown1,2020-10-20T07:09:15.365Z,Score question,2020-10-20 00:09:15 (PDT),104796.0,6.0,lecture/global-impact,1374.0,6.0,,,
126,126,27,"{'points': 59, 'max_points': 65, 'score_perc': 90.7692307692308}",2020-10-20T00:09:15-07,brown3,2020-10-20T07:09:15.365Z,Score assessment,2020-10-20 00:09:15 (PDT),,,,,,,,
127,127,27,,2020-10-20T05:41:38-07,green1,2020-10-20T12:41:38.922Z,View assessment overview,2020-10-20 05:41:38 (PDT),,,,,,,,
128,128,27,,2020-10-20T06:49:50-07,green1,2020-10-20T13:49:50.741Z,View assessment overview,2020-10-20 06:49:50 (PDT),,,,,,,,
129,129,27,,2020-10-20T06:50:14-07,green3,2020-10-20T13:50:14.075Z,View variant,2020-10-20 06:50:14 (PDT),104803.0,14.0,snap/complexity,1377.0,13.0,,70545.0,1.0
130,130,27,,2020-10-20T06:50:24-07,green1,2020-10-20T13:50:24.324Z,View assessment overview,2020-10-20 06:50:24 (PDT),,,,,,,,
131,131,27,,2020-10-20T06:50:26-07,green3,2020-10-20T13:50:26.812Z,View variant,2020-10-20 06:50:26 (PDT),104790.0,15.0,snap/logical-procedures/roboto,1380.0,14.0,,70546.0,1.0
132,132,27,,2020-10-20T06:50:31-07,green1,2020-10-20T13:50:31.287Z,View assessment overview,2020-10-20 06:50:31 (PDT),,,,,,,,
133,133,27,,2020-10-20T07:38:01-07,green1,2020-10-20T14:38:01.027Z,View assessment overview,2020-10-20 07:38:01 (PDT),,,,,,,,
134,134,27,,2020-10-29T18:51:12-07,green1,2020-10-30T01:51:12.218Z,View assessment overview,2020-10-29 18:51:12 (PDT),,,,,,,,
135,135,27,,2020-11-13T09:13:22-08,green1,2020-11-13T17:13:22.042Z,View assessment overview,2020-11-13 09:13:22 (PST),,,,,,,,
136,136,27,,2020-11-23T18:44:33-08,green1,2020-11-24T02:44:33.416Z,View assessment overview,2020-11-23 18:44:33 (PST),,,,,,,,
137,137,27,,2020-12-02T14:04:55-08,green1,2020-12-02T22:04:55.839Z,View assessment overview,2020-12-02 14:04:55 (PST),,,,,,,,
138,138,27,,2020-12-11T08:53:39-08,green1,2020-12-11T16:53:39.414Z,View assessment overview,2020-12-11 08:53:39 (PST),,,,,,,,
139,139,27,,2020-12-11T08:53:45-08,green3,2020-12-11T16:53:45.810Z,View variant,2020-12-11 08:53:45 (PST),104796.0,6.0,lecture/global-impact,1374.0,6.0,,70525.0,1.0
140,140,27,,2020-12-11T08:53:52-08,green3,2020-12-11T16:53:52.795Z,View variant,2020-12-11 08:53:52 (PST),104797.0,7.0,number-multiplication,167.0,7.0,,70527.0,1.0
141,141,27,,2020-12-11T08:54:58-08,green3,2020-12-11T16:54:58.762Z,View variant,2020-12-11 08:54:58 (PST),104798.0,8.0,programming-paradigm,168.0,8.0,,70530.0,1.0
142,142,27,,2020-12-11T08:55:14-08,green3,2020-12-11T16:55:14.322Z,View variant,2020-12-11 08:55:14 (PST),104799.0,9.0,snap/iteration/mystery-equation-v2,214.0,9.0,,70532.0,1.0
143,143,27,,2020-12-11T08:55:30-08,green3,2020-12-11T16:55:30.425Z,View variant,2020-12-11 08:55:30 (PST),104800.0,10.0,snap/HOFs/map-keep,1378.0,10.0,,70536.0,1.0
144,144,27,,2020-12-11T08:56:16-08,green3,2020-12-11T16:56:16.198Z,View variant,2020-12-11 08:56:16 (PST),104801.0,12.0,snap/recursion/magical-mystery/v2,1382.0,11.0,,70540.0,1.0
145,145,27,,2020-12-11T08:56:59-08,green3,2020-12-11T16:56:59.650Z,View variant,2020-12-11 08:56:59 (PST),104802.0,13.0,snap/HOFs/map-keep-combine,1379.0,12.0,,70541.0,1.0
146,146,27,,2020-12-11T08:57:23-08,green3,2020-12-11T16:57:23.605Z,View variant,2020-12-11 08:57:23 (PST),104803.0,14.0,snap/complexity,1377.0,13.0,,70545.0,1.0
147,147,27,,2020-12-11T08:57:38-08,green3,2020-12-11T16:57:38.382Z,View variant,2020-12-11 08:57:38 (PST),104790.0,15.0,snap/logical-procedures/roboto,1380.0,14.0,,70546.0,1.0
148,148,27,,2020-12-12T13:51:50-08,green1,2020-12-12T21:51:50.468Z,View assessment overview,2020-12-12 13:51:50 (PST),,,,,,,,
149,149,27,,2020-12-12T13:51:56-08,green3,2020-12-12T21:51:56.098Z,View variant,2020-12-12 13:51:56 (PST),104800.0,10.0,snap/HOFs/map-keep,1378.0,10.0,,70536.0,1.0
150,150,27,,2020-12-12T13:52:03-08,green3,2020-12-12T21:52:03.379Z,View variant,2020-12-12 13:52:03 (PST),104801.0,12.0,snap/recursion/magical-mystery/v2,1382.0,11.0,,70540.0,1.0
151,151,27,,2020-12-12T13:52:08-08,green3,2020-12-12T21:52:08.514Z,View variant,2020-12-12 13:52:08 (PST),104802.0,13.0,snap/HOFs/map-keep-combine,1379.0,12.0,,70541.0,1.0
152,152,27,,2020-12-12T13:52:12-08,green1,2020-12-12T21:52:12.327Z,View assessment overview,2020-12-12 13:52:12 (PST),,,,,,,,
153,153,27,,2020-12-12T13:52:18-08,green3,2020-12-12T21:52:18.148Z,View variant,2020-12-12 13:52:18 (PST),104803.0,14.0,snap/complexity,1377.0,13.0,,70545.0,1.0
